model,retailer,value,final_price,html_price,rendered_price,previous_week_price,base_value,discount,promo_note,source_method,availability,availability_method,availability_text,risk_flags,confidence,decision_note,status,error,fetched_at,url
iPhone 17e 256GB,Viettel,,,,,17290000,,0,,,,,,WARN_FETCH_STATUS|WARN_RENDER_UNAVAILABLE,REVIEW,[SSL: CERTIFICATE_VERIFY_FAILED] certificate verify failed: unable to get local issuer certificate (_ssl.c:1010),URL_ERROR,[SSL: CERTIFICATE_VERIFY_FAILED] certificate verify failed: unable to get local issuer certificate (_ssl.c:1010),2026-09-10T15:27:42,https://viettelstore.vn/dien-thoai/iphone-17e-256gb-pid363671.html
iPhone 17e 256GB,FPT,21490000,21490000,21490000,21490000,17490000,21490000,0,,fpt_structured_offer_price,,,,WARN_WEEK_CHANGE,VERIFIED_RENDER,render matched via rendered_body_text,OK,,2026-09-10T15:27:44,https://fptshop.com.vn/dien-thoai/iphone-17e
iPhone 17e 256GB,MW,17590000,17590000,17590000,,17590000,17990000,400000,"Giảm giá 400,000",mw_visible_price,,,,,HTML_OK,,OK,,2026-09-10T15:27:46,https://www.thegioididong.com/dtdd/iphone-17e-256gb
iPhone 17e 256GB,CPS,17490000,17490000,17490000,,17490000,17490000,0,,cps_sale_price,,,,,HTML_OK,,OK,,2026-09-10T15:27:48,https://cellphones.com.vn/iphone-17e.html
iPhone 17e 256GB,Shopdunk,17290000,17290000,17290000,,17290000,17290000,0,,shopdunk_price_value,,,,,HTML_OK,,OK,,2026-09-10T15:27:49,https://shopdunk.com/iphone-17e
iPhone 17  256GB,Viettel,,,,,23590000,,0,,,,,,WARN_FETCH_STATUS|WARN_RENDER_UNAVAILABLE,REVIEW,[SSL: CERTIFICATE_VERIFY_FAILED] certificate verify failed: unable to get local issuer certificate (_ssl.c:1010),URL_ERROR,[SSL: CERTIFICATE_VERIFY_FAILED] certificate verify failed: unable to get local issuer certificate (_ssl.c:1010),2026-09-10T15:27:50,https://viettelstore.vn/dien-thoai/iphone-17-256gb-pid355077.html
iPhone 17  256GB,FPT,28490000,28490000,28490000,28490000,24490000,28490000,0,,fpt_structured_offer_price,,,,WARN_WEEK_CHANGE,VERIFIED_RENDER,render matched via rendered_body_text,OK,,2026-09-10T15:27:51,https://fptshop.com.vn/dien-thoai/iphone-17
iPhone 17  256GB,MW,24590000,24590000,24590000,,24590000,24990000,400000,"Giảm giá 400,000",mw_visible_price,,,,,HTML_OK,,OK,,2026-09-10T15:27:52,https://www.thegioididong.com/dtdd/iphone-17
iPhone 17  256GB,CPS,28490000,28490000,28490000,28490000,24590000,28490000,0,,cps_sale_price,,,,WARN_WEEK_CHANGE,VERIFIED_RENDER,render matched via rendered_dom:.sale-price,OK,,2026-09-10T15:27:56,https://cellphones.com.vn/iphone-17-256gb.html
iPhone 17  256GB,Shopdunk,23990000,23990000,23990000,,23990000,23990000,0,,shopdunk_price_value,,,,,HTML_OK,,OK,,2026-09-10T15:27:57,https://shopdunk.com/dien-thoai-iphone-17-256gb
iPhone Air 256G,Viettel,,,,,23290000,,0,,,,,,WARN_FETCH_STATUS|WARN_RENDER_UNAVAILABLE,REVIEW,[SSL: CERTIFICATE_VERIFY_FAILED] certificate verify failed: unable to get local issuer certificate (_ssl.c:1010),URL_ERROR,[SSL: CERTIFICATE_VERIFY_FAILED] certificate verify failed: unable to get local issuer certificate (_ssl.c:1010),2026-09-10T15:27:58,https://viettelstore.vn/dien-thoai/iphone-air-pid355092.html
iPhone Air 256G,FPT,25890000,25890000,25890000,25890000,22990000,25890000,0,,fpt_structured_offer_price,,,,WARN_WEEK_CHANGE,VERIFIED_RENDER,render matched via rendered_body_text,OK,,2026-09-10T15:27:59,https://fptshop.com.vn/dien-thoai/iphone-air
iPhone Air 256G,MW,22990000,22990000,22990000,,22990000,22990000,0,,mw_visible_price,,,,,HTML_OK,,OK,,2026-09-10T15:28:00,https://www.thegioididong.com/dtdd/iphone-air
iPhone Air 256G,CPS,22990000,22990000,22990000,,22990000,22990000,0,,cps_sale_price,,,,,HTML_OK,,OK,,2026-09-10T15:28:02,https://cellphones.com.vn/iphone-air-256gb.html
iPhone Air 256G,Shopdunk,22890000,22890000,22890000,,22890000,22890000,0,,shopdunk_price_value,,,,,HTML_OK,,OK,,2026-09-10T15:28:03,https://shopdunk.com/dien-thoai-iphone-air-256gb
iPhone 17 Pro 256GB,Viettel,,,,,30790000,,0,,,,,,WARN_FETCH_STATUS|WARN_RENDER_UNAVAILABLE,REVIEW,[SSL: CERTIFICATE_VERIFY_FAILED] certificate verify failed: unable to get local issuer certificate (_ssl.c:1010),URL_ERROR,[SSL: CERTIFICATE_VERIFY_FAILED] certificate verify failed: unable to get local issuer certificate (_ssl.c:1010),2026-09-10T15:28:04,https://viettelstore.vn/dien-thoai/iphone-17-pro-pid355082.html
iPhone 17 Pro 256GB,FPT,31790000,31790000,31790000,31790000,31790000,31790000,0,,fpt_structured_offer_price,,,,,VERIFIED_RENDER,render matched via rendered_body_text,OK,,2026-09-10T15:28:05,https://fptshop.com.vn/dien-thoai/iphone-17-pro
iPhone 17 Pro 256GB,MW,31990000,31990000,31990000,,31990000,34990000,3000000,"Giảm giá 3,000,000",mw_visible_price,,,,,HTML_OK,,OK,,2026-09-10T15:28:06,https://www.thegioididong.com/dtdd/iphone-17-pro
iPhone 17 Pro 256GB,CPS,31790000,31790000,31790000,,31790000,31790000,0,,cps_sale_price,,,,,HTML_OK,,OK,,2026-09-10T15:28:08,https://cellphones.com.vn/iphone-17-pro.html
iPhone 17 Pro 256GB,Shopdunk,31490000,31490000,31490000,,31290000,31490000,0,,shopdunk_price_value,,,,WARN_WEEK_CHANGE,HTML_OK,trusted Shopdunk product price; browser back-check unavailable,OK,,2026-09-10T15:28:10,https://shopdunk.com/dien-thoai-iphone-17-pro-256gb
iPhone 17 Pro Max 256GB,Viettel,,,,,33490000,,0,,,,,,WARN_FETCH_STATUS|WARN_RENDER_UNAVAILABLE,REVIEW,[SSL: CERTIFICATE_VERIFY_FAILED] certificate verify failed: unable to get local issuer certificate (_ssl.c:1010),URL_ERROR,[SSL: CERTIFICATE_VERIFY_FAILED] certificate verify failed: unable to get local issuer certificate (_ssl.c:1010),2026-09-10T15:28:10,https://viettelstore.vn/dien-thoai/iphone-17-pro-max-pid355086.html
iPhone 17 Pro Max 256GB,FPT,34590000,34590000,34590000,34590000,34590000,34590000,0,,fpt_structured_offer_price,,,,,VERIFIED_RENDER,render matched via rendered_body_text,OK,,2026-09-10T15:28:12,https://fptshop.com.vn/dien-thoai/iphone-17-pro-max-256gb
iPhone 17 Pro Max 256GB,MW,34590000,34590000,34590000,,34590000,37990000,3400000,"Giảm giá 3,400,000",mw_visible_price,,,,,HTML_OK,,OK,,2026-09-10T15:28:13,https://www.thegioididong.com/dtdd/iphone-17-pro-max
iPhone 17 Pro Max 256GB,CPS,34590000,34590000,34590000,,34590000,34590000,0,,cps_sale_price,,,,,HTML_OK,,OK,,2026-09-10T15:28:15,https://cellphones.com.vn/iphone-17-pro-max.html
iPhone 17 Pro Max 256GB,Shopdunk,33490000,33490000,33490000,,33990000,33490000,0,,shopdunk_price_value,,,,WARN_WEEK_CHANGE,HTML_OK,trusted Shopdunk product price; browser back-check unavailable,OK,,2026-09-10T15:28:16,https://shopdunk.com/dien-thoai-iphone-17-pro-max-256gb
iPhone 16e  128GB,Viettel,,,,,13490000,,0,,,,,,WARN_FETCH_STATUS|WARN_RENDER_UNAVAILABLE,REVIEW,[SSL: CERTIFICATE_VERIFY_FAILED] certificate verify failed: unable to get local issuer certificate (_ssl.c:1010),URL_ERROR,[SSL: CERTIFICATE_VERIFY_FAILED] certificate verify failed: unable to get local issuer certificate (_ssl.c:1010),2026-09-10T15:28:16,https://viettelstore.vn/dien-thoai/iphone-16e-pid347205.html
iPhone 16e  128GB,FPT,OOS,OOS,18890000,16490000,14990000,OOS,0,,fpt_variant_price,OOS,rendered_price_context,iphone 16 series video noi bat +3 mo hop thuc te hang chinh hang - bao hanh 12 thang mien phi giao hang toan quoc (*) ky thuat vien ho tro truc tuyen hang chinh hang - bao hanh 12 thang mien phi giao hang toan quoc (*) ky thuat vien ho tro truc tuyen thong ...,WARN_OUTLIER|WARN_RENDER_STOCK_CONFIRMED|WARN_WEEK_CHANGE,VERIFIED_OOS,render confirmed OOS via rendered_price_context,OOS,,2026-09-10T15:28:18,https://fptshop.com.vn/dien-thoai/iphone-16e
iPhone 16e  128GB,MW,OOS,OOS,,16990000,OOS,OOS,0,,product_status_element,OOS,rendered_dom:.box04.notselling .productstatus,Hàng sắp về,WARN_RENDER_STOCK_CONFIRMED,VERIFIED_OOS,render confirmed OOS via rendered_dom:.box04.notselling .productstatus,OOS,,2026-09-10T15:28:19,https://www.thegioididong.com/dtdd/iphone-16e
iPhone 16e  128GB,CPS,13690000,13690000,13690000,,13690000,13690000,0,,cps_sale_price,,,,,HTML_OK,,OK,,2026-09-10T15:28:21,https://cellphones.com.vn/iphone-16e.html
iPhone 16 128GB,Viettel,,,,,20490000,,0,,,,,,WARN_FETCH_STATUS|WARN_RENDER_UNAVAILABLE,REVIEW,[SSL: CERTIFICATE_VERIFY_FAILED] certificate verify failed: unable to get local issuer certificate (_ssl.c:1010),URL_ERROR,[SSL: CERTIFICATE_VERIFY_FAILED] certificate verify failed: unable to get local issuer certificate (_ssl.c:1010),2026-09-10T15:28:22,https://viettelstore.vn/dien-thoai/iphone-16-128gb-pid339614.html
iPhone 16 128GB,FPT,20790000,20790000,20790000,20790000,20790000,20790000,0,,fpt_structured_offer_price,,,,,VERIFIED_RENDER,render matched via rendered_body_text,OK,,2026-09-10T15:28:23,https://fptshop.com.vn/dien-thoai/iphone-16
iPhone 16 128GB,MW,20990000,20990000,20990000,,20990000,21990000,1000000,"Giảm giá 1,000,000",mw_visible_price,,,,,HTML_OK,,OK,,2026-09-10T15:28:24,https://www.thegioididong.com/dtdd/iphone-16
iPhone 16 128GB,CPS,24490000,24490000,24490000,24490000,20790000,24490000,0,,cps_sale_price,,,,WARN_WEEK_CHANGE,VERIFIED_RENDER,render matched via rendered_dom:.sale-price,OK,,2026-09-10T15:28:26,https://cellphones.com.vn/iphone-16.html
iPhone 16 128GB,Shopdunk,20790000,20790000,20790000,,20790000,20790000,0,,shopdunk_price_value,,,,,HTML_OK,,OK,,2026-09-10T15:28:28,https://shopdunk.com/iphone-16
iPhone 16  Plus 128GB,Viettel,,,,,24790000,,0,,,,,,WARN_FETCH_STATUS|WARN_RENDER_UNAVAILABLE,REVIEW,[SSL: CERTIFICATE_VERIFY_FAILED] certificate verify failed: unable to get local issuer certificate (_ssl.c:1010),URL_ERROR,[SSL: CERTIFICATE_VERIFY_FAILED] certificate verify failed: unable to get local issuer certificate (_ssl.c:1010),2026-09-10T15:28:28,https://viettelstore.vn/dien-thoai/iphone-16-plus-pid339618.html
iPhone 16  Plus 128GB,FPT,24790000,24790000,24790000,24790000,24790000,24790000,0,,fpt_structured_offer_price,,,,,VERIFIED_RENDER,render matched via rendered_body_text,OK,,2026-09-10T15:28:30,https://fptshop.com.vn/dien-thoai/iphone-16-plus
iPhone 16  Plus 128GB,MW,24990000,24990000,24990000,,24990000,25990000,1000000,"Giảm giá 1,000,000",mw_visible_price,,,,,HTML_OK,,OK,,2026-09-10T15:28:31,https://www.thegioididong.com/dtdd/iphone-16-plus
iPhone 16  Plus 128GB,CPS,24790000,24790000,24790000,,24790000,24790000,0,,cps_sale_price,,,,,HTML_OK,,OK,,2026-09-10T15:28:33,https://cellphones.com.vn/iphone-16-plus.html
iPhone 16  Plus 128GB,Shopdunk,24790000,24790000,24790000,,24790000,24790000,0,,shopdunk_price_value,,,,,HTML_OK,,OK,,2026-09-10T15:28:34,https://shopdunk.com/iphone-16-plus
iPhone 15  128GB,Viettel,,,,,17790000,,0,,,,,,WARN_FETCH_STATUS|WARN_RENDER_UNAVAILABLE,REVIEW,[SSL: CERTIFICATE_VERIFY_FAILED] certificate verify failed: unable to get local issuer certificate (_ssl.c:1010),URL_ERROR,[SSL: CERTIFICATE_VERIFY_FAILED] certificate verify failed: unable to get local issuer certificate (_ssl.c:1010),2026-09-10T15:28:34,https://viettelstore.vn/dien-thoai/iphone-15-128gb-pid317053.html
iPhone 15  128GB,FPT,21790000,21790000,21790000,21790000,18790000,21790000,0,,fpt_structured_offer_price,,,,WARN_WEEK_CHANGE,VERIFIED_RENDER,render matched via rendered_body_text,OK,,2026-09-10T15:28:36,https://fptshop.com.vn/dien-thoai/iphone-15
iPhone 15  128GB,MW,18990000,18990000,18990000,,18990000,18990000,0,,mw_visible_price,,,,,HTML_OK,,OK,,2026-09-10T15:28:37,https://www.thegioididong.com/dtdd/iphone-15
iPhone 15  128GB,CPS,21790000,21790000,21790000,21790000,18790000,21790000,0,,cps_sale_price,,,,WARN_WEEK_CHANGE,VERIFIED_RENDER,render matched via rendered_dom:.sale-price,OK,,2026-09-10T15:28:39,https://cellphones.com.vn/iphone-15.html
iPhone 15  128GB,Shopdunk,17990000,17990000,17990000,,17990000,17990000,0,,shopdunk_price_value,,,,,HTML_OK,,OK,,2026-09-10T15:28:41,https://shopdunk.com/iphone-15-128gb
iPhone 15  Plus 128GB,MW,OOS,OOS,,16820000,OOS,OOS,0,,product_status_element,OOS,rendered_dom:.box04.notselling .productstatus,SẢN PHẨM Ngừng kinh doanh,WARN_RENDER_STOCK_CONFIRMED,VERIFIED_OOS,render confirmed OOS via rendered_dom:.box04.notselling .productstatus,OOS,,2026-09-10T15:28:42,https://www.thegioididong.com/dtdd/iphone-15-plus
iPhone 14 128GB,Viettel,,,,,OOS,,0,,,,,,WARN_FETCH_STATUS|WARN_RENDER_UNAVAILABLE,REVIEW,[SSL: CERTIFICATE_VERIFY_FAILED] certificate verify failed: unable to get local issuer certificate (_ssl.c:1010),URL_ERROR,[SSL: CERTIFICATE_VERIFY_FAILED] certificate verify failed: unable to get local issuer certificate (_ssl.c:1010),2026-09-10T15:28:43,https://viettelstore.vn/dien-thoai/iphone-14-128gb-pid293821.html
iPhone 14 128GB,FPT,OOS,OOS,13990000,13990000,OOS,OOS,0,,fpt_structured_offer_price,OOS,rendered_price_context,en thoai / apple (iphone) / iphone 14 series video mo hop thuc te hang chinh hang - bao hanh 12 thang mien phi giao hang toan quoc (*) ky thuat vien ho tro truc tuyen hang chinh hang - bao hanh 12 thang mien phi giao hang toan quoc (*) ky thuat vien ho tro ...,WARN_RENDER_STOCK_CONFIRMED|WARN_WEEK_CHANGE,VERIFIED_OOS,render confirmed OOS via rendered_price_context,OOS,,2026-09-10T15:28:44,https://fptshop.com.vn/dien-thoai/iphone-14
iPhone 14 128GB,MW,OOS,OOS,,12310000,13990000,OOS,0,,product_status_element,OOS,rendered_dom:.box04.notselling .productstatus,SẢN PHẨM Ngừng kinh doanh,WARN_RENDER_STOCK_CONFIRMED|WARN_WEEK_CHANGE,VERIFIED_OOS,render confirmed OOS via rendered_dom:.box04.notselling .productstatus,OOS,,2026-09-10T15:28:45,https://www.thegioididong.com/dtdd/iphone-14
iPhone 14 128GB,CPS,15290000,15290000,15290000,,15290000,15290000,0,,cps_sale_price,,,,,HTML_OK,,OK,,2026-09-10T15:28:48,https://cellphones.com.vn/iphone-14.html
iPhone 13  128GB,Viettel,,,,,OOS,,0,,,,,,WARN_FETCH_STATUS|WARN_RENDER_UNAVAILABLE,REVIEW,[SSL: CERTIFICATE_VERIFY_FAILED] certificate verify failed: unable to get local issuer certificate (_ssl.c:1010),URL_ERROR,[SSL: CERTIFICATE_VERIFY_FAILED] certificate verify failed: unable to get local issuer certificate (_ssl.c:1010),2026-09-10T15:28:48,https://viettelstore.vn/dien-thoai/iphone-13-128gb-pid288660.html
iPhone 13  128GB,FPT,11990000,11990000,11990000,,11990000,11990000,0,,fpt_variant_price,,,,,HTML_OK,,OK,,2026-09-10T15:28:50,https://fptshop.com.vn/dien-thoai/iphone-13
iPhone 13  128GB,MW,OOS,OOS,,13990000,OOS,OOS,0,,product_status_element,OOS,rendered_dom:.box04.notselling .productstatus,Hết hàng tạm thời,WARN_RENDER_STOCK_CONFIRMED,VERIFIED_OOS,render confirmed OOS via rendered_dom:.box04.notselling .productstatus,OOS,,2026-09-10T15:28:50,https://www.thegioididong.com/dtdd/iphone-13
iPhone 13  128GB,CPS,13790000,13790000,13790000,,13790000,13790000,0,,cps_sale_price,,,,,HTML_OK,,OK,,2026-09-10T15:28:53,https://cellphones.com.vn/iphone-13.html
iPhone 13  128GB,Shopdunk,12590000,12590000,12590000,,12590000,12590000,0,,shopdunk_price_value,,,,,HTML_OK,,OK,,2026-09-10T15:28:54,https://shopdunk.com/iphone-13
iPad Mini 7 128GB Wifi,Viettel,,,,,13990000,,0,,,,,,WARN_FETCH_STATUS|WARN_RENDER_UNAVAILABLE,REVIEW,[SSL: CERTIFICATE_VERIFY_FAILED] certificate verify failed: unable to get local issuer certificate (_ssl.c:1010),URL_ERROR,[SSL: CERTIFICATE_VERIFY_FAILED] certificate verify failed: unable to get local issuer certificate (_ssl.c:1010),2026-09-10T15:28:54,https://viettelstore.vn/may-tinh-bang/ipad-mini-7-wifi-128gb-pid342159.html
iPad Mini 7 128GB Wifi,FPT,14490000,14490000,14490000,14490000,14490000,14490000,0,,fpt_structured_offer_price,,,,,VERIFIED_RENDER,render matched via rendered_body_text,OK,,2026-09-10T15:28:55,https://fptshop.com.vn/may-tinh-bang/ipad-mini-7-2024-wifi
iPad Mini 7 128GB Wifi,MW,14690000,14690000,14690000,,14690000,14690000,0,,mw_visible_price,,,,,HTML_OK,,OK,,2026-09-10T15:28:56,https://www.thegioididong.com/may-tinh-bang/ipad-mini-7-wifi
iPad Mini 7 128GB Wifi,CPS,14690000,14690000,14690000,,14690000,14690000,0,,cps_sale_price,,,,,HTML_OK,,OK,,2026-09-10T15:28:59,https://cellphones.com.vn/ipad-mini-7.html
iPad Mini 7 128GB Wifi,Shopdunk,14190000,14190000,14190000,,14190000,14190000,0,,shopdunk_price_value,,,,,HTML_OK,,OK,,2026-09-10T15:29:01,https://shopdunk.com/ipad-mini-7
iPad Gen 11th  128GB Wifi,Viettel,,,,,11790000,,0,,,,,,WARN_FETCH_STATUS|WARN_RENDER_UNAVAILABLE,REVIEW,[SSL: CERTIFICATE_VERIFY_FAILED] certificate verify failed: unable to get local issuer certificate (_ssl.c:1010),URL_ERROR,[SSL: CERTIFICATE_VERIFY_FAILED] certificate verify failed: unable to get local issuer certificate (_ssl.c:1010),2026-09-10T15:29:01,https://viettelstore.vn/may-tinh-bang/ipad-a16-11-inch-wifi-128gb-pid347940.html
iPad Gen 11th  128GB Wifi,FPT,12490000,12490000,12490000,12490000,12490000,12490000,0,,fpt_structured_offer_price,,,,,VERIFIED_RENDER,render matched via rendered_body_text,OK,,2026-09-10T15:29:02,https://fptshop.com.vn/may-tinh-bang/ipad-a16-wifi
iPad Gen 11th  128GB Wifi,MW,12590000,12590000,12590000,,12590000,12790000,200000,"Giảm giá 200,000",mw_visible_price,,,,,HTML_OK,,OK,,2026-09-10T15:29:03,https://www.thegioididong.com/may-tinh-bang/ipad-11-wifi-128gb
iPad Gen 11th  128GB Wifi,CPS,12490000,12490000,12490000,,12490000,12490000,0,,cps_sale_price,,,,,HTML_OK,,OK,,2026-09-10T15:29:06,https://cellphones.com.vn/ipad-a16-11-inch.html
iPad Gen 11th  128GB Wifi,Shopdunk,11990000,11990000,11990000,,11990000,11990000,0,,shopdunk_price_value,,,,,HTML_OK,,OK,,2026-09-10T15:29:07,https://shopdunk.com/ipad-a16-11-inch-wi-fi
"iPad Air M3  11"" 128 GB Wifi",Viettel,,,,,OOS,,0,,,,,,WARN_FETCH_STATUS|WARN_RENDER_UNAVAILABLE,REVIEW,[SSL: CERTIFICATE_VERIFY_FAILED] certificate verify failed: unable to get local issuer certificate (_ssl.c:1010),URL_ERROR,[SSL: CERTIFICATE_VERIFY_FAILED] certificate verify failed: unable to get local issuer certificate (_ssl.c:1010),2026-09-10T15:29:07,https://viettelstore.vn/may-tinh-bang/ipad-air-m3-11-inch-wifi-128gb-pid347926.html
"iPad Air M3  11"" 128 GB Wifi",FPT,OOS,OOS,16690000,16690000,OOS,OOS,0,,fpt_structured_offer_price,OOS,rendered_price_context,n ngay trang chu / may tinh bang / apple (ipad) / ipad air 1/7 noi bat +4 hang chinh hang - bao hanh 12 thang mien phi giao hang toan quoc (*) ky thuat vien ho tro truc tuyen hang chinh hang - bao hanh 12 thang mien phi giao hang toan quoc (*) ky thuat vien...,WARN_RENDER_STOCK_CONFIRMED|WARN_WEEK_CHANGE,VERIFIED_OOS,render confirmed OOS via rendered_price_context,OOS,,2026-09-10T15:29:09,https://fptshop.com.vn/may-tinh-bang/ipad-air-11-inch-m3-2025-wifi
"iPad Air M3  11"" 128 GB Wifi",MW,OOS,OOS,,16990000,OOS,OOS,0,,product_status_element,OOS,rendered_dom:.box04.notselling .productstatus,SẢN PHẨM Ngừng kinh doanh,WARN_RENDER_STOCK_CONFIRMED,VERIFIED_OOS,render confirmed OOS via rendered_dom:.box04.notselling .productstatus,OOS,,2026-09-10T15:29:10,https://www.thegioididong.com/may-tinh-bang/ipad-air-m3-11-inch-wifi-128gb
"iPad Air M3  11"" 128 GB Wifi",CPS,OOS,OOS,,17990000,17990000,OOS,0,,structured_offer_availability,OOS,structured_offer_availability,OutOfStock; https://cellphones.com.vn/apple-ipad-air-m3.html,WARN_WEEK_CHANGE,OOS_CONFIRMED,trusted stock signal reported OOS via structured_offer_availability; render retained price without stock text,OOS,,2026-09-10T15:29:12,https://cellphones.com.vn/apple-ipad-air-m3.html
"iPad Air M4  11"" 128 GB Wifi",Viettel,,,,,18290000,,0,,,,,,WARN_FETCH_STATUS|WARN_RENDER_UNAVAILABLE,REVIEW,[SSL: CERTIFICATE_VERIFY_FAILED] certificate verify failed: unable to get local issuer certificate (_ssl.c:1010),URL_ERROR,[SSL: CERTIFICATE_VERIFY_FAILED] certificate verify failed: unable to get local issuer certificate (_ssl.c:1010),2026-09-10T15:29:13,https://viettelstore.vn/may-tinh-bang/ipad-air-m4-11-inch-wifi-128gb-pid363675.html
"iPad Air M4  11"" 128 GB Wifi",FPT,19490000,19490000,19490000,19490000,19490000,19490000,0,,fpt_structured_offer_price,,,,,VERIFIED_RENDER,render matched via rendered_body_text,OK,,2026-09-10T15:29:14,https://fptshop.com.vn/may-tinh-bang/ipad-air-11-inch-m4-2026-wifi
"iPad Air M4  11"" 128 GB Wifi",MW,19690000,19690000,19690000,,19690000,20990000,1300000,"Giảm giá 1,300,000",mw_visible_price,,,,,HTML_OK,,OK,,2026-09-10T15:29:15,https://www.thegioididong.com/may-tinh-bang/ipad-air-m4-11-inch-wifi-128gb
"iPad Air M4  11"" 128 GB Wifi",CPS,19690000,19690000,19690000,,19690000,19690000,0,,cps_sale_price,,,,,HTML_OK,,OK,,2026-09-10T15:29:17,https://cellphones.com.vn/apple-ipad-air-m4-11-inch-128gb-wifi.html
"iPad Air M4  11"" 128 GB Wifi",Shopdunk,18490000,18490000,18490000,,18490000,18490000,0,,shopdunk_price_value,,,,,HTML_OK,,OK,,2026-09-10T15:29:18,https://shopdunk.com/ipad-air-m4-11-inch-wi-fi-v1
"iPad Air M3  13"" 128 GB Wifi",Viettel,,,,,OOS,,0,,,,,,WARN_FETCH_STATUS|WARN_RENDER_UNAVAILABLE,REVIEW,[SSL: CERTIFICATE_VERIFY_FAILED] certificate verify failed: unable to get local issuer certificate (_ssl.c:1010),URL_ERROR,[SSL: CERTIFICATE_VERIFY_FAILED] certificate verify failed: unable to get local issuer certificate (_ssl.c:1010),2026-09-10T15:29:19,https://viettelstore.vn/may-tinh-bang/ipad-air-m3-13-inch-wifi-128gb-pid347934.html
"iPad Air M3  13"" 128 GB Wifi",FPT,21990000,21990000,21990000,21990000,21990000,21990000,0,,fpt_structured_offer_price,,,,,VERIFIED_RENDER,render matched via rendered_body_text,OK,,2026-09-10T15:29:20,https://fptshop.com.vn/may-tinh-bang/ipad-air-13-inch-m3-2025-wifi
"iPad Air M3  13"" 128 GB Wifi",MW,OOS,OOS,,15500000,OOS,OOS,0,,product_status_element,OOS,rendered_dom:.box04.notselling .productstatus,SẢN PHẨM Ngừng kinh doanh,WARN_RENDER_STOCK_CONFIRMED,VERIFIED_OOS,render confirmed OOS via rendered_dom:.box04.notselling .productstatus,OOS,,2026-09-10T15:29:21,https://www.thegioididong.com/may-tinh-bang/ipad-air-m3-13-inch-wifi-128gb
"iPad Air M4  13"" 128 GB Wifi",Viettel,,,,,23790000,,0,,,,,,WARN_FETCH_STATUS|WARN_RENDER_UNAVAILABLE,REVIEW,[SSL: CERTIFICATE_VERIFY_FAILED] certificate verify failed: unable to get local issuer certificate (_ssl.c:1010),URL_ERROR,[SSL: CERTIFICATE_VERIFY_FAILED] certificate verify failed: unable to get local issuer certificate (_ssl.c:1010),2026-09-10T15:29:22,https://viettelstore.vn/may-tinh-bang/ipad-air-m4-13-inch-wifi-128gb-pid363679.html
"iPad Air M4  13"" 128 GB Wifi",FPT,24990000,24990000,24990000,24990000,24990000,24990000,0,,fpt_structured_offer_price,,,,,VERIFIED_RENDER,render matched via rendered_body_text,OK,,2026-09-10T15:29:23,https://fptshop.com.vn/may-tinh-bang/ipad-air-13-inch-m4-2026-wifi
"iPad Air M4  13"" 128 GB Wifi",MW,25390000,25390000,25390000,,25390000,26490000,1100000,"Giảm giá 1,100,000",mw_visible_price,,,,,HTML_OK,,OK,,2026-09-10T15:29:25,https://www.thegioididong.com/may-tinh-bang/ipad-air-m4-13-inch-wifi-128gb
"iPad Air M4  13"" 128 GB Wifi",CPS,25190000,25190000,25190000,,25190000,25190000,0,,cps_sale_price,,,,,HTML_OK,,OK,,2026-09-10T15:29:28,https://cellphones.com.vn/apple-ipad-air-m4-13-inch-128gb-wifi.html
"iPad Air M4  13"" 128 GB Wifi",Shopdunk,24490000,24490000,24490000,,24490000,24490000,0,,shopdunk_price_value,,,,,HTML_OK,,OK,,2026-09-10T15:29:29,https://shopdunk.com/ipad-air-m4-13-inch-wi-fi-v1
iPad Pro M5 11” 256GB Wifi,Viettel,,,,,32990000,,0,,,,,,WARN_FETCH_STATUS|WARN_RENDER_UNAVAILABLE,REVIEW,[SSL: CERTIFICATE_VERIFY_FAILED] certificate verify failed: unable to get local issuer certificate (_ssl.c:1010),URL_ERROR,[SSL: CERTIFICATE_VERIFY_FAILED] certificate verify failed: unable to get local issuer certificate (_ssl.c:1010),2026-09-10T15:29:30,https://viettelstore.vn/may-tinh-bang/may-tinh-bang-ipad-pro-m5-11-inch-wifi-256gb-pid356793.html
iPad Pro M5 11” 256GB Wifi,FPT,33990000,33990000,33990000,,33990000,33990000,0,,fpt_variant_price,,,,,HTML_OK,,OK,,2026-09-10T15:29:31,https://fptshop.com.vn/may-tinh-bang/ipad-pro-11-m5-2025-wifi-12gb
iPad Pro M5 11” 256GB Wifi,MW,34490000,34490000,34490000,,34490000,35590000,1100000,"Giảm giá 1,100,000",mw_visible_price,,,,,HTML_OK,,OK,,2026-09-10T15:29:32,https://www.thegioididong.com/may-tinh-bang/ipad-pro-m5-11-inch-wifi-256gb
iPad Pro M5 11” 256GB Wifi,CPS,34290000,34290000,34290000,,34290000,34290000,0,,cps_sale_price,,,,,HTML_OK,,OK,,2026-09-10T15:29:36,https://cellphones.com.vn/ipad-pro-m5-11-inch-256gb.html
iPad Pro M5 11” 256GB Wifi,Shopdunk,32990000,32990000,32990000,,32990000,32990000,0,,shopdunk_price_value,,,,,HTML_OK,,OK,,2026-09-10T15:29:38,https://shopdunk.com/ipad-pro-m5-11-inch-wi-fi
iPad Pro M5 13” 256GB Wifi,Viettel,,,,,42990000,,0,,,,,,WARN_FETCH_STATUS|WARN_RENDER_UNAVAILABLE,REVIEW,[SSL: CERTIFICATE_VERIFY_FAILED] certificate verify failed: unable to get local issuer certificate (_ssl.c:1010),URL_ERROR,[SSL: CERTIFICATE_VERIFY_FAILED] certificate verify failed: unable to get local issuer certificate (_ssl.c:1010),2026-09-10T15:29:38,https://viettelstore.vn/may-tinh-bang/may-tinh-bang-ipad-pro-m5-13-inch-wifi-256gb-pid356802.html
iPad Pro M5 13” 256GB Wifi,FPT,43290000,43290000,43290000,,43290000,43290000,0,,fpt_variant_price,,,,,HTML_OK,,OK,,2026-09-10T15:29:40,https://fptshop.com.vn/may-tinh-bang/ipad-pro-13-m5-2025-wifi-12gb
iPad Pro M5 13” 256GB Wifi,MW,43790000,43790000,43790000,,43790000,43790000,0,,mw_visible_price,,,,,HTML_OK,,OK,,2026-09-10T15:29:41,https://www.thegioididong.com/may-tinh-bang/ipad-pro-m5-13-inch-wifi-256gb
iPad Pro M5 13” 256GB Wifi,CPS,43590000,43590000,43590000,,43590000,43590000,0,,cps_sale_price,,,,,HTML_OK,,OK,,2026-09-10T15:29:45,https://cellphones.com.vn/ipad-pro-m5-13-inch-256gb.html
iPad Pro M5 13” 256GB Wifi,Shopdunk,44590000,44590000,44590000,,44590000,44590000,0,,shopdunk_price_value,,,,,HTML_OK,,OK,,2026-09-10T15:29:49,https://shopdunk.com/ipad-pro-m5-13-inch-wi-fi
AW SE 3 (40mm GPS),Viettel,,,,,5990000,,0,,,,,,WARN_FETCH_STATUS|WARN_RENDER_UNAVAILABLE,REVIEW,[SSL: CERTIFICATE_VERIFY_FAILED] certificate verify failed: unable to get local issuer certificate (_ssl.c:1010),URL_ERROR,[SSL: CERTIFICATE_VERIFY_FAILED] certificate verify failed: unable to get local issuer certificate (_ssl.c:1010),2026-09-10T15:29:50,https://viettelstore.vn/dong-ho-thong-minh/apple-watch-se-3-vien-nhom-gps-40mm-day-cao-su-s-m-pid355618.html
AW SE 3 (40mm GPS),FPT,6790000,6790000,6790000,6790000,6490000,6790000,0,,fpt_structured_offer_price,,,,WARN_WEEK_CHANGE,VERIFIED_RENDER,render matched via rendered_body_text,OK,,2026-09-10T15:29:51,https://fptshop.com.vn/smartwatch/apple-watch-se-3-gps-40mm-vien-nhom-day-cao-su
AW SE 3 (40mm GPS),MW,6790000,6790000,6790000,6790000,6590000,6790000,0,,mw_visible_price,,,,WARN_WEEK_CHANGE,VERIFIED_RENDER,render matched via rendered_dom:.box-price-present,OK,,2026-09-10T15:29:55,https://www.thegioididong.com/dong-ho-thong-minh/apple-watch-se-3-40mm-vien-nhom-day-the-thao
AW SE 3 (40mm GPS),CPS,6690000,6690000,6690000,6690000,6290000,6690000,0,,cps_sale_price,,,,WARN_WEEK_CHANGE,VERIFIED_RENDER,render matched via rendered_dom:.sale-price,OK,,2026-09-10T15:29:57,https://cellphones.com.vn/apple-watch-se-3-40mm-size-m-l.html
AW SE 3 (40mm GPS),Shopdunk,6690000,6690000,6690000,,6290000,6690000,0,,shopdunk_price_value,,,,WARN_WEEK_CHANGE,HTML_OK,trusted Shopdunk product price; browser back-check unavailable,OK,,2026-09-10T15:29:58,https://shopdunk.com/apple-watch-se-3-nhom-gps-40mm-sport-band-size-sm
AW SE 3 (40mm LTE),Viettel,,,,,7790000,,0,,,,,,WARN_FETCH_STATUS|WARN_RENDER_UNAVAILABLE,REVIEW,[SSL: CERTIFICATE_VERIFY_FAILED] certificate verify failed: unable to get local issuer certificate (_ssl.c:1010),URL_ERROR,[SSL: CERTIFICATE_VERIFY_FAILED] certificate verify failed: unable to get local issuer certificate (_ssl.c:1010),2026-09-10T15:29:59,https://viettelstore.vn/dong-ho-thong-minh/apple-watch-se-3-vien-nhom-cellular-40mm-day-cao-su-s-m-pid355613.html
AW SE 3 (40mm LTE),FPT,8290000,8290000,8290000,8290000,7990000,8290000,0,,fpt_structured_offer_price,,,,WARN_WEEK_CHANGE,VERIFIED_RENDER,render matched via rendered_body_text,OK,,2026-09-10T15:30:00,https://fptshop.com.vn/smartwatch/apple-watch-se-3-gps-cellular-40mm-vien-nhom-day-cao-su
AW SE 3 (40mm LTE),MW,8390000,8390000,8390000,8390000,8190000,8390000,0,,mw_visible_price,,,,WARN_WEEK_CHANGE,VERIFIED_RENDER,render matched via rendered_dom:.box-price-present,OK,,2026-09-10T15:30:01,https://www.thegioididong.com/dong-ho-thong-minh/apple-watch-se-3-gps-cellular-40mm-vien-nhom-day-the-thao
AW SE 3 (40mm LTE),CPS,7990000,7990000,7990000,,7990000,7990000,0,CPS HTML/server returned 7690000 on 2026-06-05 while browser-visible Hanoi price was confirmed as 7990000.,override,,,,OVERRIDE_USED,OVERRIDE,CPS HTML/server returned 7690000 on 2026-06-05 while browser-visible Hanoi price was confirmed as 7990000.,OK,Manual override,2026-09-10T15:30:02,https://cellphones.com.vn/apple-watch-se-3-40mm-5g.html
AW SE 3 (40mm LTE),Shopdunk,7690000,7690000,7690000,,7690000,7690000,0,,shopdunk_price_value,,,,,HTML_OK,,OK,,2026-09-10T15:30:08,https://shopdunk.com/apple-watch-se-3-nhom-gps-cellular-40mm-sport-band-size-ml
AW SE 3 (44mm GPS),Viettel,,,,,6490000,,0,,,,,,WARN_FETCH_STATUS|WARN_RENDER_UNAVAILABLE,REVIEW,[SSL: CERTIFICATE_VERIFY_FAILED] certificate verify failed: unable to get local issuer certificate (_ssl.c:1010),URL_ERROR,[SSL: CERTIFICATE_VERIFY_FAILED] certificate verify failed: unable to get local issuer certificate (_ssl.c:1010),2026-09-10T15:30:08,https://viettelstore.vn/dong-ho-thong-minh/apple-watch-se-3-vien-nhom-gps-44mm-day-cao-su-s-m-pid355616.html
AW SE 3 (44mm GPS),FPT,7690000,7690000,7690000,7690000,7290000,7690000,0,,fpt_structured_offer_price,,,,WARN_WEEK_CHANGE,VERIFIED_RENDER,render matched via rendered_body_text,OK,,2026-09-10T15:30:10,https://fptshop.com.vn/smartwatch/apple-watch-se-3-gps-44mm-vien-nhom-day-cao-su
AW SE 3 (44mm GPS),MW,7690000,7690000,7690000,7690000,7490000,7690000,0,,mw_visible_price,,,,WARN_WEEK_CHANGE,VERIFIED_RENDER,render matched via rendered_dom:.box-price-present,OK,,2026-09-10T15:30:11,https://www.thegioididong.com/dong-ho-thong-minh/apple-watch-se-3-44mm-vien-nhom-day-the-thao
AW SE 3 (44mm GPS),CPS,7690000,7690000,7690000,7690000,7290000,7690000,0,,cps_sale_price,,,,WARN_WEEK_CHANGE,VERIFIED_RENDER,render matched via rendered_dom:.sale-price,OK,,2026-09-10T15:30:15,https://cellphones.com.vn/apple-watch-se-3-44mm.html
AW SE 3 (44mm GPS),Shopdunk,7590000,7590000,7590000,,6990000,7590000,0,,shopdunk_price_value,,,,WARN_WEEK_CHANGE,HTML_OK,trusted Shopdunk product price; browser back-check unavailable,OK,,2026-09-10T15:30:17,https://shopdunk.com/apple-watch-se-3-nhom-gps-44mm-sport-band-size-ml
AW SE 3 (44mm LTE),Viettel,,,,,7990000,,0,,,,,,WARN_FETCH_STATUS|WARN_RENDER_UNAVAILABLE,REVIEW,[SSL: CERTIFICATE_VERIFY_FAILED] certificate verify failed: unable to get local issuer certificate (_ssl.c:1010),URL_ERROR,[SSL: CERTIFICATE_VERIFY_FAILED] certificate verify failed: unable to get local issuer certificate (_ssl.c:1010),2026-09-10T15:30:17,https://viettelstore.vn/dong-ho-thong-minh/apple-watch-se-3-vien-nhom-cellular-44mm-day-cao-su-s-m-pid355617.html
AW SE 3 (44mm LTE),FPT,9190000,9190000,9190000,9190000,8790000,9190000,0,,fpt_structured_offer_price,,,,WARN_WEEK_CHANGE,VERIFIED_RENDER,render matched via rendered_body_text,OK,,2026-09-10T15:30:19,https://fptshop.com.vn/smartwatch/apple-watch-se-3-gps-cellular-44mm-vien-nhom-day-cao-su
AW SE 3 (44mm LTE),MW,OOS,OOS,,9190000,OOS,OOS,0,,product_status_element,OOS,rendered_dom:.box04.notselling .productstatus,Hết hàng tạm thời,WARN_RENDER_STOCK_CONFIRMED,VERIFIED_OOS,render confirmed OOS via rendered_dom:.box04.notselling .productstatus,OOS,,2026-09-10T15:30:20,https://www.thegioididong.com/dong-ho-thong-minh/apple-watch-se-3-gps-cellular-44mm-vien-nhom-day-the-thao
AW SE 3 (44mm LTE),CPS,8490000,8490000,8490000,,8490000,8490000,0,Direct link corrected from 40mm 5G to 44mm 5G on 2026-06-05; browser-visible Hanoi price confirmed as 8490000.,override,,,,OVERRIDE_USED,OVERRIDE,Direct link corrected from 40mm 5G to 44mm 5G on 2026-06-05; browser-visible Hanoi price confirmed as 8490000.,OK,Manual override,2026-09-10T15:30:21,https://cellphones.com.vn/apple-watch-se-3-44mm-5g.html
AW SE 3 (44mm LTE),Shopdunk,8490000,8490000,8490000,,8490000,8490000,0,,shopdunk_price_value,,,,,HTML_OK,,OK,,2026-09-10T15:30:27,https://shopdunk.com/apple-watch-se-3-nhom-gps-cellular-44mm-sport-band-size-ml
AW S11 (42mm GPS),Viettel,,,,,8690000,,0,,,,,,WARN_FETCH_STATUS|WARN_RENDER_UNAVAILABLE,REVIEW,[SSL: CERTIFICATE_VERIFY_FAILED] certificate verify failed: unable to get local issuer certificate (_ssl.c:1010),URL_ERROR,[SSL: CERTIFICATE_VERIFY_FAILED] certificate verify failed: unable to get local issuer certificate (_ssl.c:1010),2026-09-10T15:30:28,https://viettelstore.vn/dong-ho-thong-minh/apple-watch-series-11-vien-nhom-gps-42mm-day-cao-su-s-m-pid355620.html
AW S11 (42mm GPS),FPT,11190000,11190000,11190000,11190000,9190000,11190000,0,,fpt_structured_offer_price,,,,WARN_WEEK_CHANGE,VERIFIED_RENDER,render matched via rendered_body_text,OK,,2026-09-10T15:30:29,https://fptshop.com.vn/smartwatch/apple-watch-series-11-gps-42mm-vien-nhom-day-cao-su
AW S11 (42mm GPS),MW,11490000,11490000,11490000,11490000,9390000,11490000,0,,mw_visible_price,,,,WARN_WEEK_CHANGE,VERIFIED_RENDER,render matched via rendered_dom:.box-price-present,OK,,2026-09-10T15:30:30,https://www.thegioididong.com/dong-ho-thong-minh/apple-watch-series-11-42mm-vien-nhom-day-the-thao
AW S11 (42mm GPS),CPS,11190000,11190000,11190000,11190000,8990000,11190000,0,,cps_sale_price,,,,WARN_WEEK_CHANGE,VERIFIED_RENDER,render matched via rendered_dom:.sale-price,OK,,2026-09-10T15:30:34,https://cellphones.com.vn/apple-watch-series-11-42mm.html
AW S11 (42mm GPS),Shopdunk,10990000,10990000,10990000,,8890000,10990000,0,,shopdunk_price_value,,,,WARN_WEEK_CHANGE,HTML_OK,trusted Shopdunk product price; browser back-check unavailable,OK,,2026-09-10T15:30:35,https://shopdunk.com/apple-watch-series-11-nhom-gps-42mm-sport-band-size-sm
AW S11 (42mm CEL),Viettel,,,,,11990000,,0,,,,,,WARN_FETCH_STATUS|WARN_RENDER_UNAVAILABLE,REVIEW,[SSL: CERTIFICATE_VERIFY_FAILED] certificate verify failed: unable to get local issuer certificate (_ssl.c:1010),URL_ERROR,[SSL: CERTIFICATE_VERIFY_FAILED] certificate verify failed: unable to get local issuer certificate (_ssl.c:1010),2026-09-10T15:30:36,https://viettelstore.vn/dong-ho-thong-minh/apple-watch-series-11-vien-nhom-cellular-42mm-day-cao-su-s-m-pid355600.html
AW S11 (42mm CEL),FPT,14090000,14090000,14090000,14090000,12090000,14090000,0,,fpt_structured_offer_price,,,,WARN_WEEK_CHANGE,VERIFIED_RENDER,render matched via rendered_body_text,OK,,2026-09-10T15:30:37,https://fptshop.com.vn/smartwatch/apple-watch-series-11-gps-cellular-42mm-vien-nhom-day-cao-su
AW S11 (42mm CEL),MW,OOS,OOS,,14090000,12290000,OOS,0,,product_status_element,OOS,rendered_dom:.box04.notselling .productstatus,Hết hàng tạm thời,WARN_RENDER_STOCK_CONFIRMED|WARN_WEEK_CHANGE,VERIFIED_OOS,render confirmed OOS via rendered_dom:.box04.notselling .productstatus,OOS,,2026-09-10T15:30:39,https://www.thegioididong.com/dong-ho-thong-minh/apple-watch-series-11-gps-cellular-42mm-vien-nhom-day-the-thao
AW S11 (42mm CEL),CPS,OOS,OOS,,13990000,OOS,OOS,0,,structured_offer_availability,OOS,structured_offer_availability,OutOfStock; https://cellphones.com.vn/apple-watch-series-11-42mm-5g-m-l.html,,OOS_CONFIRMED,trusted stock signal reported OOS via structured_offer_availability; render retained price without stock text,OOS,,2026-09-10T15:30:42,https://cellphones.com.vn/apple-watch-series-11-42mm-5g-m-l.html?product_id=112663
AW S11 (42mm CEL),Shopdunk,13990000,13990000,13990000,,11790000,13990000,0,,shopdunk_price_value,,,,WARN_WEEK_CHANGE,HTML_OK,trusted Shopdunk product price; browser back-check unavailable,OK,,2026-09-10T15:30:43,https://shopdunk.com/apple-watch-series-11-nhom-gps-cellular-42mm-sport-band-size-ml
AW S11 (46mm GPS),Viettel,,,,,9690000,,0,,,,,,WARN_FETCH_STATUS|WARN_RENDER_UNAVAILABLE,REVIEW,[SSL: CERTIFICATE_VERIFY_FAILED] certificate verify failed: unable to get local issuer certificate (_ssl.c:1010),URL_ERROR,[SSL: CERTIFICATE_VERIFY_FAILED] certificate verify failed: unable to get local issuer certificate (_ssl.c:1010),2026-09-10T15:30:44,https://viettelstore.vn/dong-ho-thong-minh/apple-watch-series-11-vien-nhom-gps-46mm-day-cao-su-m-l-pid355604.html
AW S11 (46mm GPS),FPT,11990000,11990000,11990000,11990000,9990000,11990000,0,,fpt_structured_offer_price,,,,WARN_WEEK_CHANGE,VERIFIED_RENDER,render matched via rendered_body_text,OK,,2026-09-10T15:30:45,https://fptshop.com.vn/smartwatch/apple-watch-series-11-gps-46mm-vien-nhom-day-cao-su
AW S11 (46mm GPS),MW,11990000,11990000,11990000,11990000,10190000,11990000,0,,mw_visible_price,,,,WARN_WEEK_CHANGE,VERIFIED_RENDER,render matched via rendered_dom:.box-price-present,OK,,2026-09-10T15:30:46,https://www.thegioididong.com/dong-ho-thong-minh/apple-watch-series-11-46mm-vien-nhom-day-the-thao
AW S11 (46mm GPS),CPS,11990000,11990000,11990000,11990000,9990000,11990000,0,,cps_sale_price,,,,WARN_WEEK_CHANGE,VERIFIED_RENDER,render matched via rendered_dom:.sale-price,OK,,2026-09-10T15:30:51,https://cellphones.com.vn/apple-watch-series-11-46mm.html
AW S11 (46mm GPS),Shopdunk,11990000,11990000,11990000,,9690000,11990000,0,,shopdunk_price_value,,,,WARN_WEEK_CHANGE,HTML_OK,trusted Shopdunk product price; browser back-check unavailable,OK,,2026-09-10T15:30:52,https://shopdunk.com/apple-watch-series-11-nhom-gps-46mm-sport-band-size-ml
AW S11 (46mm CEL),Viettel,,,,,15390000,,0,,,,,,WARN_FETCH_STATUS|WARN_RENDER_UNAVAILABLE,REVIEW,[SSL: CERTIFICATE_VERIFY_FAILED] certificate verify failed: unable to get local issuer certificate (_ssl.c:1010),URL_ERROR,[SSL: CERTIFICATE_VERIFY_FAILED] certificate verify failed: unable to get local issuer certificate (_ssl.c:1010),2026-09-10T15:30:53,https://viettelstore.vn/dong-ho-thong-minh/apple-watch-series-11-vien-nhom-cellular-46mm-day-cao-su-s-m-pid355590.html
AW S11 (46mm CEL),FPT,14990000,14990000,14990000,14990000,12890000,14990000,0,,fpt_structured_offer_price,,,,WARN_WEEK_CHANGE,VERIFIED_RENDER,render matched via rendered_body_text,OK,,2026-09-10T15:30:54,https://fptshop.com.vn/smartwatch/apple-watch-series-11-gps-cellular-46mm-vien-nhom-day-cao-su
AW S11 (46mm CEL),MW,14990000,14990000,14990000,14990000,13190000,14990000,0,,mw_visible_price,,,,WARN_WEEK_CHANGE,VERIFIED_RENDER,render matched via rendered_dom:.box-price-present,OK,,2026-09-10T15:30:55,https://www.thegioididong.com/dong-ho-thong-minh/apple-watch-series-11-gps-cellular-46mm-vien-nhom-day-the-thao
AW S11 (46mm CEL),CPS,14890000,14890000,14890000,14890000,12890000,14890000,0,,cps_sale_price,,,,WARN_WEEK_CHANGE,VERIFIED_RENDER,render matched via rendered_dom:.sale-price,OK,,2026-09-10T15:31:00,https://cellphones.com.vn/apple-watch-series-11-46mm-5g.html
AW S11 (46mm CEL),Shopdunk,14890000,14890000,14890000,,12690000,14890000,0,,shopdunk_price_value,,,,WARN_WEEK_CHANGE,HTML_OK,trusted Shopdunk product price; browser back-check unavailable,OK,,2026-09-10T15:31:01,https://shopdunk.com/apple-watch-series-11-nhom-gps-cellular-46mm-sport-band-size-ml
AW Ultra 3 (49mm),Viettel,,,,,17990000,,0,,,,,,WARN_FETCH_STATUS|WARN_RENDER_UNAVAILABLE,REVIEW,[SSL: CERTIFICATE_VERIFY_FAILED] certificate verify failed: unable to get local issuer certificate (_ssl.c:1010),URL_ERROR,[SSL: CERTIFICATE_VERIFY_FAILED] certificate verify failed: unable to get local issuer certificate (_ssl.c:1010),2026-09-10T15:31:01,https://viettelstore.vn/dong-ho-thong-minh/apple-watch-ultra-3-vien-titan-cellular-49mm-day-quan-alpine-s-m-pid355605.html
AW Ultra 3 (49mm),FPT,22990000,22990000,22990000,22990000,18890000,22990000,0,,fpt_structured_offer_price,,,,WARN_WEEK_CHANGE,VERIFIED_RENDER,render matched via rendered_body_text,OK,,2026-09-10T15:31:03,https://fptshop.com.vn/smartwatch/apple-watch-ultra-3-gps-cellular-49mm-vien-titan-day-ocean
AW Ultra 3 (49mm),MW,23490000,23490000,23490000,23490000,OOS,23490000,0,,mw_visible_price,,,,WARN_WEEK_CHANGE,VERIFIED_RENDER,render matched via rendered_dom:.box-price-present,OK,,2026-09-10T15:31:04,https://www.thegioididong.com/dong-ho-thong-minh/apple-watch-ultra-3-gps-cellular-49mm-vien-titanium-day-ocean
AW Ultra 3 (49mm),CPS,22990000,22990000,22990000,22990000,18990000,22990000,0,,cps_sale_price,,,,WARN_WEEK_CHANGE,VERIFIED_RENDER,render matched via rendered_dom:.sale-price,OK,,2026-09-10T15:31:07,https://cellphones.com.vn/apple-watch-ultra-3-49mm-5g.html
AW Ultra 3 (49mm),Shopdunk,22990000,22990000,22990000,,18990000,22990000,0,,shopdunk_price_value,,,,WARN_WEEK_CHANGE,HTML_OK,trusted Shopdunk product price; browser back-check unavailable,OK,,2026-09-10T15:31:08,https://shopdunk.com/apple-watch-ultra-3-49mm-alpine-loop
AirPods Pro 2 - 2023 (C-Type),FPT,5390000,5390000,5390000,5390000,5390000,5390000,0,,fpt_structured_offer_price,,,,,VERIFIED_RENDER,render matched via rendered_body_text,OK,,2026-09-10T15:31:09,https://fptshop.com.vn/phu-kien/tai-nghe-airpods-pro-2023-usb-c
AirPods Pro 2 - 2023 (C-Type),MW,OOS,OOS,,5190000,OOS,OOS,0,,product_status_element,OOS,rendered_dom:.box04.notselling .productstatus,Hết hàng tạm thời,WARN_RENDER_STOCK_CONFIRMED,VERIFIED_OOS,render confirmed OOS via rendered_dom:.box04.notselling .productstatus,OOS,,2026-09-10T15:31:10,https://www.thegioididong.com/tai-nghe/tai-nghe-bluetooth-airpods-pro-gen-2-magsafe-charge-usb-c-apple-mtjv3
AirPods 4 ANC,Viettel,,,,,4190000,,0,,,,,,WARN_FETCH_STATUS|WARN_RENDER_UNAVAILABLE,REVIEW,[SSL: CERTIFICATE_VERIFY_FAILED] certificate verify failed: unable to get local issuer certificate (_ssl.c:1010),URL_ERROR,[SSL: CERTIFICATE_VERIFY_FAILED] certificate verify failed: unable to get local issuer certificate (_ssl.c:1010),2026-09-10T15:31:11,https://viettelstore.vn/tai-nghe/tai-nghe-airpods-4-khu-on-chu-dong-pid340124.html
AirPods 4 ANC,FPT,4590000,4590000,4590000,4590000,4590000,4590000,0,,fpt_structured_offer_price,,,,,VERIFIED_RENDER,render matched via rendered_body_text,OK,,2026-09-10T15:31:12,https://fptshop.com.vn/phu-kien/tai-nghe-airpods-4-chu-dong-khu-tieng-on
AirPods 4 ANC,MW,4690000,4690000,4690000,4690000,4390000,4690000,0,,mw_visible_price,,,,WARN_WEEK_CHANGE,VERIFIED_RENDER,render matched via rendered_dom:.box-price-present,OK,,2026-09-10T15:31:14,https://www.thegioididong.com/tai-nghe/airpods-4-chong-on-mxp93
AirPods 4 ANC,CPS,4590000,4590000,4590000,4590000,4290000,4590000,0,,cps_sale_price,,,,WARN_WEEK_CHANGE,VERIFIED_RENDER,render matched via rendered_dom:.sale-price,OK,,2026-09-10T15:31:16,https://cellphones.com.vn/apple-airpods-4-chong-on-chu-dong.html
AirPods 4 ANC,Shopdunk,4390000,4390000,4390000,,4390000,4390000,0,,shopdunk_price_value,,,,,HTML_OK,,OK,,2026-09-10T15:31:17,https://shopdunk.com/airpods-4-noise-cancellation
AirPods 4 with charging case,Viettel,,,,,2890000,,0,,,,,,WARN_FETCH_STATUS|WARN_RENDER_UNAVAILABLE,REVIEW,[SSL: CERTIFICATE_VERIFY_FAILED] certificate verify failed: unable to get local issuer certificate (_ssl.c:1010),URL_ERROR,[SSL: CERTIFICATE_VERIFY_FAILED] certificate verify failed: unable to get local issuer certificate (_ssl.c:1010),2026-09-10T15:31:18,https://viettelstore.vn/tai-nghe/tai-nghe-airpods-4-pid340125.html
AirPods 4 with charging case,FPT,3490000,3490000,3490000,3490000,3490000,3490000,0,,fpt_structured_offer_price,,,,,VERIFIED_RENDER,render matched via rendered_body_text,OK,,2026-09-10T15:31:19,https://fptshop.com.vn/phu-kien/tai-nghe-airpods-4
AirPods 4 with charging case,MW,3490000,3490000,3490000,3490000,2990000,3490000,0,,mw_visible_price,,,,WARN_WEEK_CHANGE,VERIFIED_RENDER,render matched via rendered_dom:.box-price-present,OK,,2026-09-10T15:31:20,https://www.thegioididong.com/tai-nghe/airpods-4-mxp63
AirPods 4 with charging case,CPS,3490000,3490000,3490000,3490000,3090000,3490000,0,,cps_sale_price,,,,WARN_WEEK_CHANGE,VERIFIED_RENDER,render matched via rendered_dom:.sale-price,OK,,2026-09-10T15:31:23,https://cellphones.com.vn/apple-airpods-4.html
AirPods 4 with charging case,Shopdunk,3290000,3290000,3290000,,2990000,3290000,0,,shopdunk_price_value,,,,WARN_WEEK_CHANGE,HTML_OK,trusted Shopdunk product price; browser back-check unavailable,OK,,2026-09-10T15:31:24,https://shopdunk.com/tai-nghe-airpods-4
AirPods Pro 3,Viettel,,,,,5890000,,0,,,,,,WARN_FETCH_STATUS|WARN_RENDER_UNAVAILABLE,REVIEW,[SSL: CERTIFICATE_VERIFY_FAILED] certificate verify failed: unable to get local issuer certificate (_ssl.c:1010),URL_ERROR,[SSL: CERTIFICATE_VERIFY_FAILED] certificate verify failed: unable to get local issuer certificate (_ssl.c:1010),2026-09-10T15:31:24,https://viettelstore.vn/tai-nghe/airpods-pro-3-pid355611.html
AirPods Pro 3,FPT,6590000,6590000,6590000,6590000,6590000,6590000,0,,fpt_structured_offer_price,,,,,VERIFIED_RENDER,render matched via rendered_body_text,OK,,2026-09-10T15:31:26,https://fptshop.com.vn/phu-kien/tai-nghe-airpods-pro-3-2025-usb-c
AirPods Pro 3,MW,6590000,6590000,6590000,6590000,6190000,6590000,0,,mw_visible_price,,,,WARN_WEEK_CHANGE,VERIFIED_RENDER,render matched via rendered_dom:.box-price-present,OK,,2026-09-10T15:31:47,https://www.thegioididong.com/tai-nghe/tai-nghe-bluetooth-apple-airpods-pro-3-trang-mfhp4
AirPods Pro 3,CPS,6590000,6590000,6590000,6590000,6190000,6590000,0,,cps_sale_price,,,,WARN_WEEK_CHANGE,VERIFIED_RENDER,render matched via rendered_dom:.sale-price,OK,,2026-09-10T15:31:50,https://cellphones.com.vn/apple-airpods-pro-3.html
AirPods Pro 3,Shopdunk,6090000,6090000,6090000,,5990000,6090000,0,,shopdunk_price_value,,,,WARN_WEEK_CHANGE,HTML_OK,trusted Shopdunk product price; browser back-check unavailable,OK,,2026-09-10T15:31:51,https://shopdunk.com/tai-nghe-airpods-pro-3
MacBook NEO A18 Pro ( 8/256GB),FPT,18790000,18790000,18790000,18790000,18790000,18790000,0,,fpt_structured_offer_price,,,,,VERIFIED_RENDER,render matched via rendered_body_text,OK,,2026-09-10T15:31:53,https://fptshop.com.vn/may-tinh-xach-tay/macbook-neo-13-inch-8gb-256gb
MacBook NEO A18 Pro ( 8/256GB),MW,18990000,18990000,18990000,,18990000,19490000,500000,"Giảm giá 500,000",mw_visible_price,,,,,HTML_OK,,OK,,2026-09-10T15:31:54,https://www.thegioididong.com/laptop/macbook-neo-13-inch-a18-pro-8gb-256gb
MacBook NEO A18 Pro ( 8/256GB),CPS,18290000,18290000,18290000,,18290000,18290000,0,,cps_sale_price,,,,,HTML_OK,,OK,,2026-09-10T15:31:57,https://cellphones.com.vn/macbook-neo-13-a18-pro-6-cpu-5-gpu-8gb-256gb.html
MacBook NEO A18 Pro ( 8/256GB),Shopdunk,18350000,18350000,18350000,,18350000,18350000,0,,shopdunk_price_value,,,,,HTML_OK,,OK,,2026-09-10T15:31:58,https://shopdunk.com/macbook-neo-13-inch-chip-a18-pro-with-6-core-cpu-and-5-core-gpu-8gb-ram-256gb-ssd
"MacBook Air 13"" M5 16/512GB",FPT,34990000,34990000,34990000,34990000,34990000,34990000,0,,fpt_structured_offer_price,,,,,VERIFIED_RENDER,render matched via rendered_body_text,OK,,2026-09-10T15:31:59,https://fptshop.com.vn/may-tinh-xach-tay/macbook-air-13-m5-2026-10cpu-8gpu-16gb-512gb
"MacBook Air 13"" M5 16/512GB",MW,35190000,35190000,35190000,35690000,35490000,35690000,500000,"Giảm giá 500,000",mw_visible_price,,,,WARN_WEEK_CHANGE,VERIFIED_RENDER,render matched via rendered_dom:.box-price-present,OK,,2026-09-10T15:32:01,https://www.thegioididong.com/laptop/macbook-air-13-inch-m5-16gb-512gb
"MacBook Air 13"" M5 16/512GB",CPS,34990000,34990000,34990000,,34990000,34990000,0,,cps_sale_price,,,,,HTML_OK,,OK,,2026-09-10T15:32:04,https://cellphones.com.vn/macbook-air-13-m5-10-cpu-8-gpu-16gb-512gb.html
"MacBook Air 13"" M5 16/512GB",Shopdunk,34990000,34990000,34990000,,34990000,34990000,0,,shopdunk_price_value,,,,,HTML_OK,,OK,,2026-09-10T15:32:05,https://shopdunk.com/macbook-air-m5-13-inch-with-10-core-cpu-and-10-core-gpu-32gb-2tb-ssd
"MacBook Air 15"" M5 16/512GB",FPT,40990000,40990000,40990000,40990000,40990000,40990000,0,,fpt_structured_offer_price,,,,,VERIFIED_RENDER,render matched via rendered_body_text,OK,,2026-09-10T15:32:07,https://fptshop.com.vn/may-tinh-xach-tay/macbook-air-15-m5-2026-10cpu-10gpu-16gb-512gb
"MacBook Air 15"" M5 16/512GB",MW,41290000,41290000,41290000,,41290000,41790000,500000,"Giảm giá 500,000",mw_visible_price,,,,,HTML_OK,,OK,,2026-09-10T15:32:08,https://www.thegioididong.com/laptop/macbook-air-15-inch-m5-16gb-512gb
"MacBook Air 15"" M5 16/512GB",CPS,41290000,41290000,41290000,,41290000,41290000,0,,cps_sale_price,,,,,HTML_OK,,OK,,2026-09-10T15:32:11,https://cellphones.com.vn/macbook-air-15-m5-10-cpu-10-gpu-16gb-512gb.html
"MacBook Air 15"" M5 16/512GB",Shopdunk,40990000,40990000,40990000,,40990000,40990000,0,,shopdunk_price_value,,,,,HTML_OK,,OK,,2026-09-10T15:32:12,https://shopdunk.com/macbook-air-m5-15-inch-with-10-core-cpu-and-10-core-gpu-16gb-ram-512gb-ssd
"MacBook Pro 14"" M5 16/512GB",FPT,52990000,52990000,52990000,52990000,52990000,52990000,0,,fpt_structured_offer_price,,,,,VERIFIED_RENDER,render matched via rendered_body_text,OK,,2026-09-10T15:32:14,https://fptshop.com.vn/may-tinh-xach-tay/macbook-pro-14-m5-2025-10cpu-10gpu-16gb-1tb
"MacBook Pro 14"" M5 16/512GB",MW,OOS,OOS,,41990000,OOS,OOS,0,,product_status_element,OOS,rendered_dom:.box04.notselling .productstatus,Hết hàng tạm thời,WARN_RENDER_STOCK_CONFIRMED,VERIFIED_OOS,render confirmed OOS via rendered_dom:.box04.notselling .productstatus,OOS,,2026-09-10T15:32:15,https://www.thegioididong.com/laptop/macbook-pro-14-inch-m5-16gb-512gb
"MacBook Pro 14"" M5 16/512GB",CPS,OOS,OOS,,49990000,OOS,OOS,0,,structured_offer_availability,OOS,structured_offer_availability,OutOfStock; https://cellphones.com.vn/macbook-pro-14-inch-m5-16gb-512gb.html,,OOS_CONFIRMED,trusted stock signal reported OOS via structured_offer_availability; render retained price without stock text,OOS,,2026-09-10T15:32:17,https://cellphones.com.vn/macbook-pro-14-inch-m5-16gb-512gb.html
"MacBook Pro 14"" M5 16/512GB",Shopdunk,49990000,49990000,49990000,,49990000,49990000,0,,shopdunk_price_value,,,,,HTML_OK,,OK,,2026-09-10T15:32:18,https://shopdunk.com/macbook-pro-14-inch-m5-2025-10-core-gpu-10-core-cpu-16gb-ram-512gb-ssd
"MacBook Pro 16"" M5 Pro 24/1TB",FPT,79990000,79990000,79990000,79990000,79990000,79990000,0,,fpt_structured_offer_price,,,,,VERIFIED_RENDER,render matched via rendered_body_text,OK,,2026-09-10T15:32:20,https://fptshop.com.vn/may-tinh-xach-tay/macbook-pro-16-m5-pro-2026-18cpu-20gpu-24gb-1tb
"MacBook Pro 16"" M5 Pro 24/1TB",CPS,80990000,80990000,80990000,,80990000,80990000,0,,cps_sale_price,,,,,HTML_OK,,OK,,2026-09-10T15:32:24,https://cellphones.com.vn/macbook-pro-16-m5-pro-18cpu-20-gpu-24gb-1tb.html
iPhone 16e  128GB,Shopdunk,OOS,OOS,,,OOS,,0,,missing_direct_link,OOS,missing_direct_link,No direct product URL in Link Product.xlsx,,OOS_CONFIRMED,no direct product URL in Link Product.xlsx,OOS,,,
iPhone 15  Plus 128GB,CPS,OOS,OOS,,,OOS,,0,,missing_direct_link,OOS,missing_direct_link,No direct product URL in Link Product.xlsx,,OOS_CONFIRMED,no direct product URL in Link Product.xlsx,OOS,,,
iPhone 15  Plus 128GB,Shopdunk,OOS,OOS,,,OOS,,0,,missing_direct_link,OOS,missing_direct_link,No direct product URL in Link Product.xlsx,,OOS_CONFIRMED,no direct product URL in Link Product.xlsx,OOS,,,
iPhone 15  Plus 128GB,FPT,OOS,OOS,,,OOS,,0,,missing_direct_link,OOS,missing_direct_link,No direct product URL in Link Product.xlsx,,OOS_CONFIRMED,no direct product URL in Link Product.xlsx,OOS,,,
iPhone 15  Plus 128GB,Viettel,OOS,OOS,,,OOS,,0,,missing_direct_link,OOS,missing_direct_link,No direct product URL in Link Product.xlsx,,OOS_CONFIRMED,no direct product URL in Link Product.xlsx,OOS,,,
iPhone 14 128GB,Shopdunk,OOS,OOS,,,OOS,,0,,missing_direct_link,OOS,missing_direct_link,No direct product URL in Link Product.xlsx,,OOS_CONFIRMED,no direct product URL in Link Product.xlsx,OOS,,,
"iPad Air M3  11"" 128 GB Wifi",Shopdunk,OOS,OOS,,,OOS,,0,,missing_direct_link,OOS,missing_direct_link,No direct product URL in Link Product.xlsx,,OOS_CONFIRMED,no direct product URL in Link Product.xlsx,OOS,,,
"iPad Air M3  13"" 128 GB Wifi",CPS,OOS,OOS,,,OOS,,0,,missing_direct_link,OOS,missing_direct_link,No direct product URL in Link Product.xlsx,,OOS_CONFIRMED,no direct product URL in Link Product.xlsx,OOS,,,
"iPad Air M3  13"" 128 GB Wifi",Shopdunk,OOS,OOS,,,OOS,,0,,missing_direct_link,OOS,missing_direct_link,No direct product URL in Link Product.xlsx,,OOS_CONFIRMED,no direct product URL in Link Product.xlsx,OOS,,,
AirPods Pro 2 - 2023 (C-Type),CPS,OOS,OOS,,,OOS,,0,,missing_direct_link,OOS,missing_direct_link,No direct product URL in Link Product.xlsx,,OOS_CONFIRMED,no direct product URL in Link Product.xlsx,OOS,,,
AirPods Pro 2 - 2023 (C-Type),Shopdunk,OOS,OOS,,,OOS,,0,,missing_direct_link,OOS,missing_direct_link,No direct product URL in Link Product.xlsx,,OOS_CONFIRMED,no direct product URL in Link Product.xlsx,OOS,,,
AirPods Pro 2 - 2023 (C-Type),Viettel,OOS,OOS,,,OOS,,0,,missing_direct_link,OOS,missing_direct_link,No direct product URL in Link Product.xlsx,,OOS_CONFIRMED,no direct product URL in Link Product.xlsx,OOS,,,
"MacBook Air 13"" M5 16/512GB",Viettel,OOS,OOS,,,OOS,,0,,missing_direct_link,OOS,missing_direct_link,No direct product URL in Link Product.xlsx,,OOS_CONFIRMED,no direct product URL in Link Product.xlsx,OOS,,,
MacBook NEO A18 Pro ( 8/256GB),Viettel,OOS,OOS,,,OOS,,0,,missing_direct_link,OOS,missing_direct_link,No direct product URL in Link Product.xlsx,,OOS_CONFIRMED,no direct product URL in Link Product.xlsx,OOS,,,
"MacBook Air 13"" M4 16/256GB",CPS,OOS,OOS,,,OOS,,0,,missing_direct_link,OOS,missing_direct_link,No direct product URL in Link Product.xlsx,,OOS_CONFIRMED,no direct product URL in Link Product.xlsx,OOS,,,
"MacBook Air 13"" M4 16/256GB",Shopdunk,OOS,OOS,,,OOS,,0,,missing_direct_link,OOS,missing_direct_link,No direct product URL in Link Product.xlsx,,OOS_CONFIRMED,no direct product URL in Link Product.xlsx,OOS,,,
"MacBook Air 13"" M4 16/256GB",MW,OOS,OOS,,,OOS,,0,,missing_direct_link,OOS,missing_direct_link,No direct product URL in Link Product.xlsx,,OOS_CONFIRMED,no direct product URL in Link Product.xlsx,OOS,,,
"MacBook Air 13"" M4 16/256GB",FPT,OOS,OOS,,,OOS,,0,,missing_direct_link,OOS,missing_direct_link,No direct product URL in Link Product.xlsx,,OOS_CONFIRMED,no direct product URL in Link Product.xlsx,OOS,,,
"MacBook Air 13"" M4 16/256GB",Viettel,OOS,OOS,,,OOS,,0,,missing_direct_link,OOS,missing_direct_link,No direct product URL in Link Product.xlsx,,OOS_CONFIRMED,no direct product URL in Link Product.xlsx,OOS,,,
"MacBook Air 15"" M5 16/512GB",Viettel,OOS,OOS,,,OOS,,0,,missing_direct_link,OOS,missing_direct_link,No direct product URL in Link Product.xlsx,,OOS_CONFIRMED,no direct product URL in Link Product.xlsx,OOS,,,
"MacBook Pro 14"" M5 16/512GB",Viettel,OOS,OOS,,,OOS,,0,,missing_direct_link,OOS,missing_direct_link,No direct product URL in Link Product.xlsx,,OOS_CONFIRMED,no direct product URL in Link Product.xlsx,OOS,,,
"MacBook Pro 16"" M5 Pro 24/1TB",Shopdunk,OOS,OOS,,,OOS,,0,,missing_direct_link,OOS,missing_direct_link,No direct product URL in Link Product.xlsx,,OOS_CONFIRMED,no direct product URL in Link Product.xlsx,OOS,,,
"MacBook Pro 16"" M5 Pro 24/1TB",MW,OOS,OOS,,,OOS,,0,,missing_direct_link,OOS,missing_direct_link,No direct product URL in Link Product.xlsx,,OOS_CONFIRMED,no direct product URL in Link Product.xlsx,OOS,,,
"MacBook Pro 16"" M5 Pro 24/1TB",Viettel,OOS,OOS,,,OOS,,0,,missing_direct_link,OOS,missing_direct_link,No direct product URL in Link Product.xlsx,,OOS_CONFIRMED,no direct product URL in Link Product.xlsx,OOS,,,
